Coin,XRP,XRP,XRP,XRP,XRP,XRP,BTC,BTC,BTC,BTC,BTC,BTC,ETH,ETH,ETH,ETH,ETH,ETH
,Change %,High,Low,Open,Price,Vol.,Change %,High,Low,Open,Price,Vol.,Change %,High,Low,Open,Price,Vol.
Date,,,,,,,,,,,,,,,,,,
8/1/17,9.57%,0.185,0.1585,0.163,0.1786,26.82M,-4.37%,2901.6,2615.8,2854.3,2731.2,42.31K,12.53%,232.59,200.8,200.81,225.97,352.31K
8/2/17,-4.59%,0.18,0.168,0.1786,0.1704,11.47M,-1.07%,2757.8,2640,2733.8,2702,23.76K,-3.53%,229.7,215,225.97,218,159.47K
8/3/17,2.46%,0.1772,0.1688,0.1704,0.1746,4.59M,3.27%,2813,2698,2702,2790.3,16.86K,3.11%,228.2,217.07,218,224.79,96.19K
8/4/17,-0.57%,0.178,0.171,0.1746,0.1736,7.21M,2.50%,2874.8,2762.6,2790.3,2860,18.99K,-1.81%,228.3,218.66,224.79,220.73,83.46K
8/5/17,5.99%,0.192,0.171,0.1736,0.184,20.38M,13.86%,3331.9,2855,2860,3256.4,50.56K,15.01%,259.9,219.23,220.73,253.87,234.87K
8/6/17,-2.01%,0.1898,0.1765,0.184,0.1803,12.15M,-0.88%,3309.8,3156,3255,3227.9,16.95K,4.10%,271.5,251,253.87,264.29,209.86K
8/7/17,-0.72%,0.183,0.1763,0.1803,0.179,10.48M,5.23%,3440,3190,3232.5,3396.7,24.54K,1.98%,274.6,257.32,264.29,269.51,146.17K
8/8/17,9.44%,0.2,0.1768,0.179,0.1959,31.91M,0.54%,3482.9,3343.8,3395,3415,31.72K,9.77%,299.5,265,269.51,295.83,207.56K
8/9/17,-6.38%,0.1959,0.18,0.1959,0.1834,13.38M,-2.20%,3424.4,3236.8,3415,3339.9,26.25K,-0.62%,316,277,295.83,293.99,400.20K
8/10/17,-1.42%,0.185,0.177,0.1834,0.1808,11.26M,2.04%,3444.4,3310,3340.2,3407.9,19.13K,0.67%,310.05,287.6,293.99,295.97,155.41K
8/11/17,-1.83%,0.1834,0.1753,0.1808,0.1775,10.87M,6.93%,3690.6,3380,3404.7,3644.1,26.43K,4.34%,310.42,294,295.97,308.81,130.15K
8/12/17,-3.15%,0.1828,0.1704,0.1775,0.1719,13.18M,6.08%,3965.4,3590,3643.4,3865.5,37.66K,-0.51%,319.78,299,308.81,307.22,160.55K
8/13/17,-3.37%,0.1719,0.1585,0.1719,0.1661,20.08M,4.86%,4183.7,3836.1,3866.2,4053.3,48.16K,-3.44%,308,285.21,307.22,296.64,166.56K
8/14/17,0.96%,0.1801,0.165,0.1661,0.1677,10.23M,6.57%,4330.3,3969.3,4061.6,4319.5,34.22K,0.53%,306.48,293.99,296.64,298.22,106.08K
8/15/17,-5.78%,0.1677,0.1521,0.1677,0.158,18.86M,-3.88%,4430,3841.9,4321,4151.9,64.13K,-4.10%,299.91,272.29,298.22,286,179.77K
8/16/17,1.77%,0.1608,0.1486,0.158,0.1608,16.04M,5.65%,4403.6,3928.1,4160,4386.3,35.29K,5.36%,304,279.94,286,301.34,150.43K
8/17/17,-1.74%,0.161,0.153,0.1608,0.158,11.83M,-2.88%,4489.1,4178.1,4386.4,4260,40.30K,-0.78%,312,297.01,301.34,299,133.09K
8/18/17,-0.63%,0.17,0.151,0.158,0.157,19.65M,-3.99%,4359,3957,4269.7,4090.2,46.80K,-2.34%,307,286,299,292,165.16K
8/19/17,-2.87%,0.162,0.148,0.157,0.1525,14.31M,1.34%,4184.1,3920,4088.2,4145.1,41.77K,0.27%,298.51,280,292,292.78,158.37K
8/20/17,4.33%,0.1617,0.1493,0.1525,0.1591,12.01M,-1.95%,4192,4040.9,4145,4064.3,25.10K,1.91%,299,286.96,292.78,298.37,86.96K
8/21/17,22.56%,0.2065,0.1511,0.1591,0.195,54.92M,-1.52%,4093.5,3956.4,4066.3,4002.5,26.61K,8.00%,346.99,294.53,298.37,322.24,329.81K
8/22/17,24.10%,0.259,0.1711,0.195,0.242,91.20M,1.79%,4140,3600,3998.9,4074,61.72K,-3.01%,329.96,285.01,322.24,312.54,244.94K
8/23/17,1.65%,0.2995,0.2155,0.242,0.246,102.07M,1.35%,4248.6,4055.9,4086.9,4129.1,27.49K,1.27%,325,311.65,312.54,316.5,115.09K
8/24/17,-11.75%,0.2869,0.21,0.246,0.2171,74.21M,4.75%,4370.8,4093,4135,4325.2,22.04K,2.88%,329.56,314.14,316.5,325.62,93.42K
8/25/17,-0.55%,0.231,0.2027,0.2171,0.2159,36.12M,0.61%,4461.2,4277.4,4324.1,4351.5,27.76K,0.95%,338.25,324.04,325.62,328.7,108.00K
8/26/17,-2.96%,0.231,0.206,0.2159,0.2095,16.76M,-0.23%,4364,4243.6,4351.5,4341.7,14.80K,1.22%,334.6,324.5,328.7,332.72,90.18K
8/27/17,-3.77%,0.2103,0.1925,0.2095,0.2016,20.64M,-0.23%,4405.7,4305,4340.2,4331.8,11.16K,4.60%,348.01,331.88,332.72,348.01,103.44K
8/28/17,11.76%,0.2461,0.1941,0.2016,0.2253,53.16M,1.20%,4395.2,4175.7,4330.7,4383.8,21.22K,-0.26%,352,332.74,348.01,347.09,111.21K
8/29/17,-2.57%,0.226,0.212,0.2253,0.2195,23.63M,4.64%,4644.2,4336.7,4385.1,4587.1,32.70K,7.18%,375.98,346.42,347.09,372,180.48K
8/30/17,5.51%,0.2331,0.2167,0.2195,0.2316,15.15M,-0.39%,4641.1,4481.1,4586.6,4569,17.07K,2.90%,390.1,365.1,372,382.78,188.64K
8/31/17,11.74%,0.265,0.2272,0.2316,0.2588,28.80M,3.27%,4749.9,4567.9,4567.9,4718.2,18.47K,1.18%,390,380.1,382.78,387.3,98.59K
9/1/17,-1.97%,0.26,0.2434,0.2588,0.2537,28.62M,3.96%,4927.4,4660.7,4718.3,4904.9,28.71K,0.79%,395.03,383.6,387.3,390.35,131.80K
9/2/17,-11.90%,0.2538,0.2135,0.2537,0.2235,40.90M,-7.55%,4969,4400.5,4911.8,4534.4,55.03K,-11.62%,390.77,325.1,390.35,345,308.36K
9/3/17,2.91%,0.2382,0.215,0.2235,0.23,19.11M,1.34%,4699.8,4331,4534.2,4595,33.56K,1.63%,368.4,328.33,345,350.63,212.17K
9/4/17,-11.96%,0.2304,0.185,0.23,0.2025,36.81M,-8.59%,4606,4056.5,4599.2,4200.4,59.08K,-15.63%,351.59,275,350.63,295.81,569.73K
9/5/17,6.17%,0.22,0.1881,0.2025,0.215,27.24M,4.15%,4469.9,3900.1,4210.6,4374.9,57.73K,6.89%,323.17,267.64,295.81,316.18,381.67K
9/6/17,7.44%,0.2328,0.2139,0.215,0.231,19.74M,4.90%,4631.4,4361.4,4375,4589.1,39.00K,6.70%,339.5,314.81,316.18,337.36,230.11K
9/7/17,-1.95%,0.2317,0.2197,0.231,0.2265,12.49M,0.53%,4672.8,4465.3,4594.6,4613.5,23.13K,-0.97%,338.66,321.1,337.36,334.1,166.57K
9/8/17,-6.53%,0.229,0.1965,0.2265,0.2117,21.63M,-6.67%,4686.2,4107.1,4613.5,4305.8,60.93K,-9.01%,334.58,291,334.1,304,309.62K
9/9/17,0.33%,0.2144,0.2067,0.2117,0.2124,8.70M,0.28%,4381.2,4159.4,4304,4317.9,31.11K,-0.30%,307.08,291.46,304,303.08,169.79K
9/10/17,1.79%,0.224,0.1975,0.2124,0.2162,16.61M,-1.99%,4325,3975.8,4315.4,4232.1,45.87K,-1.71%,305,276.11,303.08,297.9,254.70K
9/11/17,-1.06%,0.2215,0.2086,0.2162,0.2139,15.09M,-0.69%,4373.1,4123,4234.9,4203,30.90K,-0.24%,308,287.33,297.9,297.19,174.01K
9/12/17,-2.10%,0.2245,0.2052,0.2139,0.2094,17.51M,-1.43%,4378.4,4055.5,4198.9,4142.9,40.04K,-1.11%,316.73,283,297.19,293.9,261.52K
9/13/17,-5.44%,0.2099,0.1902,0.2094,0.198,14.95M,-7.08%,4159.6,3734,4149.4,3849.7,71.51K,-6.27%,294.16,256,293.9,275.48,449.34K
9/14/17,-13.74%,0.2,0.166,0.198,0.1708,30.05M,-15.89%,3917.2,3206.2,3850.2,3238.1,127.51K,-19.23%,281.01,221.71,275.48,222.5,642.98K
9/15/17,7.85%,0.1924,0.1455,0.1708,0.1842,42.23M,14.20%,3809,2981,3237.4,3698,183.11K,16.26%,269,198,222.5,258.68,954.56K
9/16/17,-1.19%,0.1919,0.1729,0.1842,0.182,15.12M,-0.34%,3874,3511.1,3697.1,3685.4,70.74K,-2.20%,270,242.2,258.68,253,308.48K
9/17/17,-0.44%,0.184,0.1711,0.182,0.1812,7.17M,-0.52%,3775.9,3476.3,3680.1,3666.3,37.05K,1.58%,263.69,239,253,257,195.92K
9/18/17,6.62%,0.1943,0.1808,0.1812,0.1932,17.22M,11.40%,4113.9,3667,3667,4084.1,58.98K,15.49%,299.89,257,257,296.81,378.67K
9/19/17,-4.45%,0.1943,0.182,0.1932,0.1846,9.35M,-4.51%,4110,3836.2,4084.4,3900,47.77K,-4.78%,299,275,296.81,282.63,268.88K
9/20/17,-1.63%,0.1884,0.1805,0.1846,0.1816,5.38M,-0.69%,4048,3834.1,3892.2,3873.2,33.21K,0.31%,294,277,282.63,283.5,146.38K
9/21/17,-5.84%,0.1835,0.1686,0.1816,0.171,7.18M,-6.97%,3903.7,3564.4,3875.5,3603.4,56.98K,-9.46%,287.53,251.52,283.5,256.67,292.98K
9/22/17,1.11%,0.1771,0.166,0.171,0.1729,4.85M,-0.14%,3743.6,3493.5,3597.3,3598.5,49.24K,2.15%,269.5,253.03,256.67,262.19,183.77K
9/23/17,3.70%,0.1804,0.1699,0.1729,0.1793,11.86M,5.03%,3808,3559.1,3598.7,3779.6,25.64K,9.04%,287.2,259.01,262.19,285.9,162.98K
9/24/17,-2.45%,0.18,0.1726,0.1793,0.1749,3.93M,-3.35%,3781.3,3620,3779.6,3652.8,20.88K,-1.36%,294.54,275.41,285.9,282,196.56K
9/25/17,5.09%,0.1869,0.1745,0.1749,0.1838,6.87M,7.59%,3977,3654.7,3654.7,3930,40.15K,4.68%,297.93,281.8,282,295.2,186.37K
9/26/17,2.77%,0.1943,0.181,0.1838,0.1889,9.69M,-1.30%,3983,3850.9,3930,3879.1,21.41K,-2.01%,296.38,285.2,295.2,289.28,104.72K
9/27/17,11.22%,0.2156,0.1877,0.1889,0.2101,21.35M,8.41%,4226.5,3878.1,3881.6,4205.4,48.62K,7.08%,315.51,286.93,289.28,309.75,213.82K
9/28/17,-3.76%,0.2109,0.1965,0.2101,0.2022,15.34M,-0.37%,4268.6,4125,4207.5,4190,36.57K,-2.30%,310.69,297.75,309.75,302.63,140.29K
9/29/17,-2.57%,0.2022,0.1879,0.2022,0.197,11.89M,-0.48%,4244.6,4024.7,4190,4169.9,38.94K,-3.29%,303.9,280.5,302.63,292.66,276.12K
9/30/17,1.02%,0.2065,0.195,0.197,0.199,6.45M,4.73%,4393.4,4160.1,4168.1,4367,31.50K,3.68%,307.76,292.3,292.66,303.44,131.20K
10/1/17,4.97%,0.2089,0.1964,0.199,0.2089,3.97M,0.85%,4420.5,4257.7,4366.6,4404.3,29.23K,0.27%,305.57,295,303.44,304.26,110.10K
10/2/17,-2.68%,0.2099,0.2,0.2089,0.2033,5.52M,-0.10%,4482,4359.8,4404.3,4400.1,29.08K,-2.45%,304.63,292.1,304.26,296.82,133.99K
10/3/17,-0.15%,0.2062,0.1975,0.2033,0.203,6.05M,-2.02%,4439.9,4222,4399.3,4311.1,28.54K,-1.73%,300.5,285.93,296.82,291.69,129.15K
10/4/17,5.81%,0.2173,0.2011,0.203,0.2148,10.07M,-2.23%,4353.8,4177.7,4310.6,4215.1,26.37K,-0.10%,296,287.56,291.69,291.4,112.70K
10/5/17,10.38%,0.2445,0.2133,0.2148,0.2371,23.41M,2.38%,4364.6,4134.9,4215.9,4315.4,25.36K,1.28%,297.92,285.12,291.4,295.12,90.80K
10/6/17,-1.69%,0.2446,0.232,0.2371,0.2331,12.72M,1.29%,4424.5,4294,4312.6,4371,25.94K,4.51%,309.59,293.04,295.12,308.43,106.64K
10/7/17,3.17%,0.2417,0.2325,0.2331,0.2405,6.69M,1.49%,4477.1,4316.1,4370,4436,17.41K,0.98%,315,304.5,308.43,311.46,117.03K
10/8/17,16.84%,0.2813,0.2389,0.2405,0.281,23.30M,3.99%,4630,4417.6,4435.9,4613.1,29.86K,-0.53%,314.39,307.55,311.46,309.82,103.78K
10/9/17,-10.85%,0.281,0.233,0.281,0.2505,33.49M,3.67%,4874.9,4551.3,4612.4,4782.3,48.93K,-4.01%,311.16,287.03,309.82,297.4,180.23K
10/10/17,3.11%,0.2669,0.2405,0.2505,0.2583,13.65M,-0.11%,4940,4717.5,4782.3,4777,42.68K,0.65%,307,292.57,297.4,299.32,104.64K
10/11/17,1.55%,0.2658,0.256,0.2583,0.2623,6.13M,1.00%,4879.5,4715,4777.7,4824.9,28.92K,1.30%,306.55,296.6,299.32,303.2,116.31K
10/12/17,-6.40%,0.265,0.2455,0.2623,0.2455,20.98M,12.51%,5437.6,4815.1,4824.9,5428.5,79.26K,-0.05%,310.01,302.1,303.2,303.06,185.68K
10/13/17,6.03%,0.27,0.2325,0.2455,0.2603,30.59M,3.84%,5874.3,5376,5440,5636.8,99.15K,11.35%,350,298,303.06,337.46,383.16K
10/14/17,-1.81%,0.2688,0.2544,0.2603,0.2556,15.54M,3.52%,5854.3,5567.3,5636.8,5835,36.81K,0.53%,348,334.05,337.46,339.24,151.02K
10/15/17,4.07%,0.27,0.249,0.2556,0.266,13.94M,-2.34%,5876.9,5450,5838.7,5698.6,57.34K,-0.59%,344.89,315,339.24,337.23,250.08K
10/16/17,-3.08%,0.3,0.2523,0.266,0.2578,49.71M,1.15%,5803.2,5570.4,5712.2,5764.4,31.41K,-0.82%,355,330.85,337.23,334.46,270.07K
10/17/17,-10.86%,0.2665,0.2188,0.2578,0.2298,35.85M,-2.90%,5779,5511,5764.8,5597.1,31.91K,-5.62%,334.8,308,334.46,315.65,191.86K
10/18/17,-5.70%,0.2349,0.2025,0.2298,0.2167,30.98M,-0.57%,5597.9,5114.3,5597.7,5565,69.04K,-0.70%,316.21,287.46,315.65,313.45,252.92K
10/19/17,-1.11%,0.2329,0.206,0.2167,0.2143,18.69M,2.32%,5741,5505.8,5574.8,5694,38.04K,-2.07%,316.5,304,313.45,306.97,118.04K
10/20/17,-2.57%,0.224,0.2052,0.2143,0.2088,16.28M,5.10%,6082.2,5606.4,5694,5984.5,61.78K,-1.42%,313.01,301.04,306.97,302.61,118.80K
10/21/17,0.53%,0.2106,0.1967,0.2088,0.2099,13.91M,0.34%,6190,5873.6,5984.9,6005.1,53.52K,-1.12%,303,289.31,302.61,299.23,105.32K
10/22/17,-4.57%,0.212,0.195,0.2099,0.2003,11.40M,-0.41%,6069.6,5717.9,6005.1,5980.5,50.58K,-1.90%,305.62,289.4,299.23,293.55,95.45K
10/23/17,-4.29%,0.2017,0.185,0.2003,0.1917,11.65M,-1.23%,6051,5639.8,5980.5,5906.9,67.06K,-2.96%,293.96,273.5,293.55,284.85,170.70K
10/24/17,6.00%,0.2168,0.183,0.1917,0.2032,20.37M,-6.73%,5902.5,5457.5,5902.5,5509.5,64.03K,4.02%,311.85,280.02,284.85,296.3,216.67K
10/25/17,-0.89%,0.2056,0.196,0.2032,0.2014,6.62M,3.82%,5743.9,5367.9,5509.9,5720,44.80K,-0.28%,300,288.5,296.3,295.46,94.09K
10/26/17,0.30%,0.2051,0.1995,0.2014,0.202,6.18M,2.97%,5966.6,5680.5,5724.2,5890,42.72K,-0.12%,299,290.55,295.46,295.1,59.36K
10/27/17,-1.24%,0.2032,0.1975,0.202,0.1995,3.44M,-2.21%,6010.2,5681.2,5890,5759.6,39.71K,0.30%,299.5,291.6,295.1,295.99,68.47K
10/28/17,-0.80%,0.201,0.1971,0.1995,0.1979,4.03M,-0.68%,5863.9,5634.7,5759.8,5720.6,26.66K,-0.84%,297.01,288.6,295.99,293.49,70.22K
10/29/17,1.67%,0.2045,0.196,0.1979,0.2012,5.47M,7.61%,6330,5662.9,5718.1,6156,61.92K,3.71%,312.49,290.5,293.49,304.39,166.62K
10/30/17,0.40%,0.2042,0.2,0.2012,0.202,3.99M,-0.50%,6237.2,6010,6146,6125.3,33.26K,0.86%,314.4,303.93,304.39,307,86.21K
10/31/17,-1.98%,0.204,0.1971,0.202,0.198,5.44M,5.44%,6472.1,6082.7,6129.9,6458.3,38.76K,-1.08%,312,303.1,307,303.69,81.66K
11/1/17,-3.48%,0.201,0.1894,0.198,0.1911,9.15M,4.17%,6727.3,6348,6450.2,6727.3,57.13K,-4.97%,305.11,287.04,303.69,288.6,153.84K
11/2/17,4.66%,0.207,0.175,0.1911,0.2,17.22M,4.35%,7315.1,6724.5,6735,7019.9,97.45K,-1.29%,293.01,275.21,288.6,284.89,260.22K
11/3/17,2.50%,0.2295,0.1956,0.2,0.205,24.89M,3.68%,7447.5,6926.5,7018.9,7278.4,64.15K,6.52%,307.36,284,284.89,303.47,217.42K
11/4/17,-1.56%,0.2056,0.1991,0.205,0.2018,6.33M,1.24%,7521.1,6936.5,7104,7369,48.62K,-1.31%,304.38,293,303.47,299.48,132.54K
11/5/17,-1.14%,0.204,0.1975,0.2018,0.1995,5.07M,0.18%,7595,7272,7370.9,7382,46.29K,-1.29%,301,292.28,299.48,295.63,98.63K
11/6/17,0.80%,0.2069,0.1981,0.1995,0.2011,5.94M,-5.78%,7429.5,6915.1,7355.1,6955,63.27K,0.43%,310,292,295.63,296.9,159.37K
11/7/17,2.29%,0.2061,0.1992,0.2011,0.2057,8.28M,2.13%,7214.4,6959,6959.6,7103.3,37.54K,-1.85%,304.2,285.01,296.9,291.42,216.51K
11/8/17,5.06%,0.225,0.203,0.2057,0.2161,17.10M,4.77%,7895,7029.9,7102,7442.4,97.30K,5.52%,318.9,290.11,291.42,307.5,335.69K
11/9/17,-1.71%,0.223,0.2121,0.2161,0.2124,14.21M,-4.25%,7447,7017.6,7447,7126.2,50.14K,3.91%,328.8,305,307.5,319.52,251.77K
11/10/17,-4.43%,0.2185,0.198,0.2124,0.203,19.88M,-8.20%,7313.1,6405.2,7123.3,6542.2,88.43K,-7.30%,324.03,286,319.52,296.18,331.44K
11/11/17,3.05%,0.2147,0.2,0.203,0.2092,16.52M,-3.69%,6788,6166,6541.2,6300.7,72.84K,5.70%,319.88,294.7,296.18,313.07,172.77K
11/12/17,-7.65%,0.2092,0.175,0.2092,0.1932,48.68M,-7.60%,6465,5426,6282.4,5822.1,172.69K,-2.93%,316.99,293.33,313.07,303.9,251.26K
11/13/17,3.52%,0.2,0.19,0.1932,0.2,19.33M,11.21%,6680,5786.1,5806.5,6474.6,110.44K,3.07%,318,302.4,303.9,313.22,198.96K
11/14/17,2.05%,0.21,0.1965,0.2,0.2041,10.33M,1.62%,6687.8,6315.4,6476.5,6579.2,49.52K,6.72%,336.69,313.22,313.22,334.28,244.03K
11/15/17,2.25%,0.21,0.203,0.2041,0.2087,10.81M,10.63%,7310.2,6589.9,6589.9,7278.3,71.61K,-1.10%,339.61,321.5,334.28,330.59,167.05K
11/16/17,8.91%,0.2832,0.2055,0.2087,0.2273,97.46M,8.05%,8012.9,7099.9,7273.7,7864.2,85.88K,0.05%,335.11,321.18,330.59,330.76,149.13K
11/17/17,-1.23%,0.2408,0.217,0.2273,0.2245,25.33M,-2.37%,8029.8,7511.1,7865,7677.9,75.95K,0.07%,335.01,325,331.16,331,151.63K
11/18/17,1.11%,0.2295,0.2186,0.2245,0.227,11.18M,1.24%,7867,7419.5,7674.1,7773.3,40.70K,4.74%,350.4,325.32,331,346.68,148.23K
11/19/17,2.42%,0.2375,0.22,0.227,0.2325,18.76M,3.61%,8126.9,7652,7770.6,8054.2,39.13K,2.31%,371,343.28,346.68,354.7,176.58K
11/20/17,3.23%,0.247,0.2317,0.2325,0.24,15.37M,2.37%,8310.2,7943.4,8052.8,8245.1,38.28K,3.73%,373.7,352.03,354.7,367.94,148.45K
11/21/17,-2.96%,0.2456,0.2287,0.24,0.2329,19.92M,-1.79%,8380,7790,8245.1,8097.3,71.85K,-2.16%,373.5,350,367.94,360,199.14K
11/22/17,3.05%,0.2424,0.23,0.2329,0.24,17.00M,1.64%,8310,8064.3,8097.3,8230.1,28.86K,5.69%,381.89,358.8,360,380.48,138.90K
11/23/17,0.38%,0.2545,0.2351,0.24,0.2409,23.53M,-3.07%,8267.6,7977.1,8230,7977.1,32.10K,6.49%,426.27,374.34,380.48,405.19,264.29K
11/24/17,1.70%,0.2476,0.2348,0.2409,0.245,14.30M,2.69%,8350.7,7873,7977,8191.6,42.85K,16.12%,478.5,397.37,405.19,470.51,258.20K
11/25/17,3.39%,0.2562,0.242,0.245,0.2533,13.18M,7.01%,8770,8132.9,8191.6,8766.2,44.25K,-1.38%,481.99,454.4,469.89,464,168.49K
11/26/17,-3.32%,0.2533,0.241,0.2533,0.2449,16.31M,6.27%,9495,8769.2,8791,9316,67.57K,0.00%,464,464,464,464,-
11/27/17,1.18%,0.2532,0.24,0.2449,0.2478,22.19M,4.43%,9760.7,9268.9,9303.9,9728.8,66.66K,2.03%,491.89,458.25,464,473.44,191.77K
11/28/17,12.79%,0.2816,0.2478,0.2478,0.2795,44.71M,1.74%,9977.77,9608.3,9727.1,9898,47.11K,-1.66%,479,457.2,473.44,465.56,153.81K
11/29/17,-15.92%,0.28,0.21,0.2795,0.235,69.75M,-1.50%,11427.17,9001.1,9891.9,9749.4,182.74K,-9.71%,517,403.01,465.56,420.34,228.93K
11/30/17,0.94%,0.2477,0.2184,0.235,0.2372,29.91M,1.62%,10540,8821,9771.9,9907,129.07K,2.82%,454.95,385.4,420.34,432.21,224.57K
12/1/17,2.87%,0.2488,0.225,0.2372,0.244,22.46M,9.71%,10949,9370.1,9907,10869,84.14K,6.58%,467,413.96,432.21,460.67,169.74K
12/2/17,0.33%,0.2495,0.2398,0.244,0.2448,15.89M,0.11%,11187,10627,10852,10881,49.71K,-1.12%,472,447,460.67,455.51,135.33K
12/3/17,0.00%,0.2598,0.2344,0.2448,0.2448,25.35M,2.54%,11842,10299,10880,11157,93.06K,0.87%,482.69,431.04,455.51,459.49,137.97K
12/4/17,0.57%,0.25,0.2345,0.2448,0.2462,16.79M,3.93%,11598,10788,11162,11595,63.74K,1.20%,471.06,439.27,459.49,465,123.19K
12/5/17,-5.12%,0.2472,0.232,0.2462,0.2336,18.44M,0.00%,11949,11414,11611,11595,48.94K,-2.82%,467.38,444.17,465,451.87,187.53K
12/6/17,-7.15%,0.2342,0.2059,0.2336,0.2169,42.00M,16.66%,13598,11590,11590,13527,83.59K,-8.44%,454.23,403,451.87,413.71,367.19K
12/7/17,-6.69%,0.22,0.2,0.2169,0.2024,55.11M,22.72%,16639,13154,13500,16601,141.26K,0.32%,429,390,413.71,415.02,322.00K
12/8/17,15.07%,0.249,0.2,0.2024,0.2329,92.75M,-4.41%,17160,13774,16608,15869,124.11K,6.55%,453.61,400.34,415.02,442.19,318.98K
12/9/17,1.55%,0.245,0.2275,0.2329,0.2365,29.98M,-7.62%,16300,13021,15829,14660,77.82K,4.24%,487.8,441,442.19,460.92,322.50K
12/10/17,-3.68%,0.2376,0.2212,0.2365,0.2278,20.27M,2.30%,15728,12748,14660,14997,107.05K,-6.87%,460.92,413.3,460.92,429.24,250.23K
12/11/17,7.55%,0.2504,0.2278,0.2278,0.245,20.69M,11.72%,17443,14937,14937,16754,78.09K,20.04%,531.2,429.14,429.24,515.25,224.21K
12/12/17,41.80%,0.4205,0.24,0.245,0.3474,116.61M,1.27%,17500,16234,16754,16967,52.09K,23.22%,646.92,497.75,515.25,634.87,425.21K
12/13/17,29.82%,0.4927,0.32,0.3474,0.451,132.92M,-4.63%,17288,15674,17010,16181,62.88K,8.79%,742,573,634.87,690.69,686.14K
12/14/17,81.15%,0.847,0.446,0.451,0.817,143.37M,1.25%,16999,15870,16122,16383,45.72K,-0.61%,760,651,690.69,686.51,494.41K
12/15/17,-9.74%,0.825,0.6154,0.817,0.7374,87.98M,6.95%,18098,16352,16396,17522,63.11K,-1.20%,698.31,610,686.51,678.29,360.05K
12/16/17,0.35%,0.813,0.72,0.7374,0.74,41.17M,9.50%,19548,17098,17569.55,19187,48.27K,0.73%,711.96,672.51,678.29,683.25,200.94K
12/17/17,-3.78%,0.753,0.701,0.74,0.712,28.42M,-1.13%,19891,18622,19210,18971,51.80K,3.74%,725,683.24,683.25,708.78,210.62K
12/18/17,6.29%,0.7913,0.66,0.712,0.7568,45.64M,-0.20%,19171,18010,18959,18934,53.58K,10.61%,798.9,660,708.78,783.99,420.29K
12/19/17,-3.33%,0.841,0.6858,0.7568,0.7316,44.64M,-8.39%,18987,16500,18931,17345,66.65K,2.04%,863,750.01,783.99,799.98,518.29K
12/20/17,-2.28%,0.746,0.635,0.7316,0.7149,35.03M,-5.30%,17709,15500,17340,16425,82.16K,-0.62%,826.2,709,799.98,794.99,423.20K
12/21/17,52.47%,1.11,0.714,0.7149,1.09,91.16M,-4.62%,17333,14827,16433,15666.83,65.58K,-1.01%,848.08,747.1,794.99,786.97,341.95K
12/22/17,-9.36%,1.23,0.69,1.09,0.988,114.41M,-15.94%,15826,10718,15650,13170,179.00K,-20.18%,792,492.01,786.97,628.19,780.15K
12/23/17,-0.24%,1.07,0.92,0.988,0.9856,30.79M,6.57%,14986,12755,13173,14035,59.92K,7.07%,717,616.19,628.19,672.59,240.69K
12/24/17,-1.40%,0.9938,0.8024,0.9856,0.9718,31.76M,-3.98%,14047,11601.18,14036,13476,72.38K,-1.89%,675,560,672.59,659.89,312.62K
12/25/17,0.02%,1.02,0.9125,0.9718,0.972,12.03M,1.09%,14278,12678,13517,13623,45.61K,7.56%,737,651.76,659.89,709.81,218.49K
12/26/17,10.08%,1.1,0.9621,0.972,1.07,16.36M,15.09%,16048,13550,13627,15679,63.44K,5.63%,749.8,708.83,709.81,749.8,149.07K
12/27/17,13.08%,1.29,1.06,1.07,1.21,44.83M,-1.95%,16494,14463,15680,15374,54.99K,-1.78%,766.06,703.27,749.8,736.45,167.81K
12/28/17,2.48%,1.29,1.07,1.21,1.24,33.08M,-6.89%,15467,13232,15374,14315,72.89K,-3.40%,740.3,652,736.45,711.42,255.38K
12/29/17,54.84%,1.97,1.24,1.24,1.92,65.04M,0.01%,15105,13847,14323,14317,48.01K,2.83%,755,703.02,711.42,731.52,204.82K
12/30/17,-4.69%,2.4,1.74,1.92,1.83,78.98M,-13.55%,14403,11690,14308,12377,75.43K,-6.74%,737.56,640.43,731.52,682.22,267.70K
12/31/17,7.65%,2.09,1.5,1.83,1.97,34.43M,11.50%,14140,12183.88,12385,13800,43.29K,8.00%,741.99,675.56,682.22,736.77,153.38K
1/1/18,3.05%,2.1,1.8,1.97,2.03,13.77M,-3.23%,13893,12787,13794,13354,29.54K,2.13%,762,717.94,736.77,752.46,121.56K
1/2/18,7.88%,2.2,1.9,2.03,2.19,24.00M,10.15%,15300,12810,13448,14709.82,56.18K,14.13%,890,752.46,752.46,858.78,420.96K
1/3/18,24.20%,2.86,2.15,2.19,2.72,32.14M,3.03%,15428,14522,14713,15155,38.35K,9.69%,954.73,840,858.78,942.01,310.54K
1/4/18,0.37%,3.28,2.45,2.72,2.73,44.43M,0.03%,15390,14064,15150,15160,46.47K,-0.21%,997,893.24,942.01,940,348.62K
1/5/18,-8.42%,3.05,2.2,2.73,2.5,34.75M,11.59%,17101,14769,15159,16917,54.63K,2.42%,1023.6,930,939.3,962.77,298.24K
1/6/18,6.00%,2.85,2.45,2.5,2.65,11.26M,1.44%,17252,16251,16911,17161,29.61K,4.31%,1014.2,951.38,962.77,1004.3,127.79K
1/7/18,4.53%,2.81,2.56,2.65,2.77,9.10M,-5.62%,17176,15726,17163,16196,30.84K,11.10%,1116,999.5,1004.3,1115.8,199.83K
1/8/18,-13.36%,2.77067,1.91111,2.77067,2.4,20.76M,-7.82%,16279,13760,16216,14930,64.95K,1.21%,1225,968.12,1115.9,1129.3,439.43K
1/9/18,-14.98%,2.481,1.9,2.4,2.04055,18.91M,-3.40%,15355,14122,14902,14423,43.44K,13.67%,1299,1119.1,1129.4,1283.7,296.90K
1/10/18,-5.91%,2.118,1.6132,2.05,1.92,30.46M,3.28%,14896,13338,14426,14896,57.33K,-2.78%,1381.9,1203.2,1285.7,1248,380.43K
1/11/18,0.52%,2.267,1.54,1.94415,1.93,45.04M,-10.94%,14949.8,12639,14895,13266,71.70K,-9.01%,1331.8,1102.5,1245.9,1135.5,360.57K
1/12/18,4.30%,2.15,1.79,1.92446,2.013,15.70M,3.90%,14095,12778,13248,13783,37.42K,10.72%,1285,1083.4,1135.1,1257.2,209.24K
1/13/18,-1.14%,2.095,1.94701,2.013,1.99,7.95M,2.96%,14580,13760,13794,14191,29.01K,9.77%,1423.2,1252.6,1257,1380,202.78K
1/14/18,-8.54%,1.99,1.74,1.99,1.82,8.60M,-4.46%,14391,12874.34,14190,13558,35.60K,-2.17%,1385,1256,1379.9,1350,176.75K
1/15/18,-9.07%,1.8715,1.62,1.82,1.655,5.86M,0.13%,14350,13307,13558,13575,33.46K,-5.67%,1377.9,1264.4,1349.9,1273.4,137.68K
1/16/18,-30.96%,1.67763,0.85,1.655,1.14263,69.78M,-18.44%,13604,9949.4,13594,11072,131.86K,-19.89%,1278.8,868.98,1275.8,1020.1,672.02K
1/17/18,15.52%,1.386,0.87,1.14263,1.32,73.01M,0.09%,11490,9231.1,11059,11082,132.23K,-0.25%,1088.3,770.1,1019.6,1017.5,686.58K
1/18/18,17.12%,1.72042,1.2,1.32,1.546,49.19M,-0.33%,11881,10515,11101,11045,85.24K,-2.23%,1079,940,1020.1,994.81,374.07K
1/19/18,-1.55%,1.67,1.44406,1.546,1.522,19.73M,3.90%,11879,10649,11036,11476,48.55K,3.80%,1079,960.1,993.92,1032.6,174.91K
1/20/18,2.50%,1.62347,1.461,1.522,1.56,11.92M,10.91%,13002,11425,11462,12728,46.30K,10.98%,1160,1029.6,1032.6,1146,163.86K
1/21/18,-13.21%,1.56791,1.3,1.56,1.354,16.89M,-9.54%,12732,11020,12732,11514,53.62K,-8.64%,1146.3,1001.5,1146.3,1047,197.63K
1/22/18,-1.03%,1.41102,1.13031,1.354,1.34,22.90M,-6.45%,11886,10009,11519,10771,66.35K,-4.96%,1084.1,912.76,1047,995.08,238.82K
1/23/18,-0.49%,1.4342,1.17493,1.34,1.3335,23.42M,0.45%,11383,9901.1,10770,10819,63.85K,-1.22%,1022,905.38,995.26,982.98,228.08K
1/24/18,1.31%,1.42022,1.2822,1.3335,1.351,12.81M,5.50%,11529,10454,10811,11414,43.82K,8.16%,1068.8,952.04,982.11,1063.2,173.18K
1/25/18,-3.70%,1.375,1.272,1.351,1.301,7.75M,-2.35%,11723,10857,11402,11146,34.44K,-1.41%,1102.4,1025.1,1061.8,1048.2,162.09K
1/26/18,-7.30%,1.32082,1.1001,1.301,1.20599,16.51M,-0.68%,11647,10298,11144,11070,56.75K,-0.11%,1078.6,983,1048.2,1047,138.71K
1/27/18,1.06%,1.24473,1.17286,1.20599,1.21879,7.89M,3.53%,11683,10822,11068,11461,34.40K,6.48%,1125.3,1031.6,1046.9,1114.8,105.76K
1/28/18,12.41%,1.4,1.21416,1.21879,1.37,12.81M,3.30%,12181,11398,11455.13,11839,29.62K,11.82%,1264.8,1109,1114.7,1246.6,189.36K
1/29/18,-7.21%,1.37905,1.2509,1.37,1.27127,8.38M,-5.30%,11957,11074,11836,11212,25.65K,-5.74%,1259.8,1155.9,1245.5,1175,139.56K
1/30/18,-12.52%,1.27127,1.08807,1.27127,1.1121,14.64M,-9.25%,11250,9864.9,11215,10175,61.28K,-8.43%,1178.8,1041,1174.3,1076,246.88K
1/31/18,2.36%,1.14941,1.02578,1.1121,1.1384,9.32M,1.07%,10411,9761,10170,10284,43.23K,4.21%,1128.7,1027.8,1076.8,1121.3,136.70K
2/1/18,-15.14%,1.15067,0.905,1.1384,0.966,15.02M,-10.72%,10311,8941,10278,9181.1,78.78K,-7.58%,1167,985.01,1120.7,1036.3,285.60K
2/2/18,-6.43%,0.9688,0.67179,0.966,0.90388,41.10M,-3.11%,9201,7972.2,9181,8895.8,123.34K,-10.90%,1038.7,769.99,1036.2,923.3,520.79K
2/3/18,6.12%,1.02,0.77834,0.90388,0.95916,19.38M,3.64%,9495,8189.6,8887.1,9219.4,51.91K,5.32%,999,845,923.2,972.4,211.35K
2/4/18,-14.90%,0.9671,0.77931,0.95916,0.81624,13.53M,-11.06%,9403.3,7840,9225.07,8200,74.42K,-14.65%,972.69,776,972.19,829.98,340.10K
2/5/18,-16.19%,0.83452,0.64,0.81624,0.6841,27.62M,-15.25%,8378,6658.8,8185.2,6949.9,131.29K,-15.83%,858,641.01,827.9,698.62,547.57K
2/6/18,11.39%,0.78049,0.57227,0.6841,0.762,39.17M,10.42%,7860,6000,6946.6,7673.8,192.76K,11.88%,798.7,566,698.62,781.6,790.23K
2/7/18,-5.91%,0.822,0.6971,0.76764,0.717,15.43M,-1.13%,8488.2,7175.1,7679.4,7587,106.70K,-3.88%,848.6,716.3,782.99,751.25,416.98K
2/8/18,8.90%,0.78975,0.708,0.715,0.7808,10.90M,8.54%,8648.8,7579.6,7585,8235.1,77.62K,8.25%,845.88,749.88,752.88,813.2,236.13K
2/9/18,18.06%,0.92968,0.74,0.7808,0.92183,16.58M,5.44%,8748,7734.7,8240,8683.2,63.03K,8.08%,881.69,780.53,814.01,878.9,182.42K
2/10/18,11.48%,1.23,0.905,0.92183,1.02769,41.47M,-1.38%,9074.3,8152.1,8678.1,8563.1,68.15K,-3.06%,908.99,815.52,878.01,852,165.70K
2/11/18,-6.74%,1.03902,0.892,1.02769,0.9584,22.62M,-5.77%,8569,7851,8563,8069,52.21K,-4.85%,854.5,778.52,851.66,810.64,146.90K
2/12/18,8.76%,1.0764,0.9584,0.9584,1.0424,14.31M,10.31%,9000,8070,8070,8900.6,51.40K,6.88%,876.52,810.64,810.64,866.4,130.22K
2/13/18,-5.44%,1.04815,0.96333,1.0424,0.98573,8.27M,-4.32%,8952.8,8339.7,8902.9,8515.9,39.51K,-3.08%,869.26,821.57,866.4,839.69,130.39K
2/14/18,14.34%,1.154,0.97816,0.98573,1.12706,15.84M,11.03%,9488,8512.6,8515.9,9455.4,50.36K,9.46%,922,839.69,839.69,919.11,199.27K
2/15/18,-1.97%,1.14252,1.0655,1.12706,1.10488,13.29M,5.73%,10175,9338.8,9454.3,9996.9,67.53K,0.78%,945,903.2,919.13,926.32,205.52K
2/16/18,0.67%,1.11787,1.063,1.10488,1.11225,5.90M,1.65%,10270,9674.9,9996,10162,43.89K,1.19%,944,907,925.02,937.38,134.07K
2/17/18,5.63%,1.2,1.10182,1.11225,1.1749,8.72M,8.77%,11083,10050,10161,11053.46,52.80K,3.83%,973.55,933.52,937.37,973.28,124.67K
2/18/18,-9.34%,1.1785,1.0382,1.1749,1.0652,9.88M,-6.17%,11250,10122,11062,10372,69.83K,-6.27%,979,901,973.29,912.21,184.03K
2/19/18,3.90%,1.1328,1.0652,1.0652,1.10673,4.44M,7.72%,11250,10308,10398,11173,50.74K,2.96%,955.84,909.4,913.1,939.18,118.34K
2/20/18,-7.63%,1.1328,1.00756,1.10673,1.02233,9.13M,0.40%,11776,11101,11172,11218,60.92K,-5.82%,958.99,875,939.19,884.51,150.18K
2/21/18,-7.30%,1.042,0.93618,1.02233,0.94775,11.22M,-6.80%,11239,10200,11216,10455,76.96K,-5.28%,903.33,815.32,884.5,837.79,220.26K
2/22/18,-6.09%,0.99924,0.861,0.94775,0.89,10.92M,-5.98%,10912,9740,10453.22,9830,71.23K,-4.17%,868.94,788,837.8,802.85,180.65K
2/23/18,5.32%,0.98235,0.85001,0.89,0.93731,7.80M,3.20%,10395,9583.9,9826.5,10145,59.07K,6.22%,881.2,787,802.85,852.79,162.83K
2/24/18,-3.98%,0.96825,0.86818,0.93731,0.9,6.52M,-4.72%,10499,9350.3,10144,9666.3,55.70K,-2.50%,872.99,808.17,852.68,831.51,147.41K
2/25/18,0.11%,0.92298,0.873,0.9,0.901,4.33M,-1.13%,9840,9284.3,9666.3,9557.4,30.52K,0.84%,848.38,816.13,831.51,838.47,101.28K
2/26/18,3.11%,0.942,0.87376,0.901,0.92898,4.52M,7.99%,10437,9359.9,9583,10321,45.94K,3.49%,881.6,831.9,838.71,867.76,136.60K
2/27/18,-0.21%,0.95575,0.9175,0.92898,0.927,3.28M,2.40%,10880,10133,10320,10569,39.72K,0.41%,895,862.08,868.6,871.36,93.51K
2/28/18,-4.47%,0.9467,0.88005,0.927,0.88554,3.51M,-2.40%,11063,10270,10583,10315,43.89K,-2.31%,888.46,850.75,871.2,851.26,93.98K
3/1/18,3.23%,0.9485,0.874,0.88554,0.91415,3.88M,5.91%,11087,10224,10316,10925,33.87K,2.11%,881.3,845.61,851.25,869.24,90.09K
3/2/18,-1.64%,0.92109,0.88569,0.91415,0.89916,2.38M,0.92%,11189,10766,10908,11025,28.86K,-1.70%,879.37,849.73,869.23,854.5,58.05K
3/3/18,0.00%,0.9212,0.887,0.89916,0.89912,2.35M,3.76%,11526,11024,11024,11440,30.65K,0.09%,868.7,852.63,854.79,855.3,40.49K
3/4/18,12.01%,1.03,0.89,0.89912,1.00708,6.16M,0.53%,11544,11061,11454,11501,28.07K,1.26%,868.26,835.58,855.29,866.07,45.12K
3/5/18,-6.08%,1.09,0.942,1.00708,0.94582,17.25M,-0.74%,11696,11390,11497,11416,27.56K,-2.11%,870,847.76,866.06,847.76,55.13K
3/6/18,-4.84%,0.98133,0.891,0.94108,0.90001,11.94M,-6.10%,11403,10578,11403,10720,44.24K,-3.71%,850,803.59,848.14,816.31,89.00K
3/7/18,-5.46%,0.91233,0.7863,0.90001,0.85087,12.91M,-7.62%,10899,9422.09,10779,9902.9,75.22K,-8.22%,824.23,725.01,816.48,749.21,174.36K
3/8/18,-5.43%,0.87,0.79566,0.85087,0.80469,5.58M,-6.09%,10109,9037,9910.7,9300,67.75K,-6.93%,770,688.01,749.2,697.31,146.74K
3/9/18,2.03%,0.841,0.72929,0.80469,0.821,9.63M,-0.89%,9420.5,8351,9301.9,9217,98.20K,3.92%,727.81,639.04,697.3,724.61,229.75K
3/10/18,-5.72%,0.84,0.768,0.821,0.774,3.81M,-4.94%,9500,8691.1,9216.2,8762,52.54K,-6.20%,745,676.27,724.62,679.68,117.94K
3/11/18,4.99%,0.83,0.75,0.774,0.81265,5.85M,8.74%,9726.1,8429,8764.4,9528,70.48K,5.91%,734.2,660.15,679.68,719.86,139.84K
3/12/18,-4.01%,0.828,0.765,0.81265,0.7801,3.79M,-4.27%,9894.7,8776.8,9528,9121,67.58K,-3.24%,739.84,676.34,719.85,696.52,123.67K
3/13/18,-0.58%,0.7996,0.76066,0.7801,0.7756,3.69M,0.15%,9479,8827.7,9130.2,9135,61.54K,-1.15%,713.99,676.8,696.51,688.5,132.60K
3/14/18,-11.13%,0.78993,0.6523,0.7756,0.68928,6.32M,-10.38%,9400.1,7923.8,9135.2,8186.6,78.81K,-11.27%,702.41,585.34,689.1,610.92,205.41K
3/15/18,-1.02%,0.72333,0.628,0.68928,0.68226,6.62M,0.81%,8416.7,7666.3,8181.3,8252.9,82.58K,-0.17%,619.82,568.29,610.91,609.9,223.87K
3/16/18,-0.33%,0.71129,0.658,0.68226,0.68,4.43M,-0.02%,8602.7,7903.2,8250.1,8251,56.34K,-1.70%,626.04,584.5,609.91,599.56,133.52K
3/17/18,-7.56%,0.683,0.614,0.68,0.62861,5.47M,-4.85%,8350.1,7729.5,8250,7851,48.97K,-8.43%,609.36,543.3,598.77,549,141.33K
3/18/18,3.14%,0.685,0.53771,0.62861,0.64833,10.37M,4.45%,8285.6,7240,7832,8200.2,88.92K,-2.23%,560.99,453.65,548.82,536.73,661.85K
3/19/18,11.67%,0.7247,0.62561,0.64833,0.724,8.97M,4.88%,8689.9,8100,8209,8600.1,73.28K,3.40%,557.99,514.95,536.73,554.99,346.87K
3/20/18,-3.60%,0.724,0.658,0.724,0.6979,8.12M,3.48%,9025,8309.6,8600.2,8899.7,54.28K,0.25%,566.28,516.09,555,556.38,226.63K
3/21/18,-2.56%,0.70882,0.66059,0.6979,0.68,7.11M,0.00%,9175.2,8755.7,8899.8,8900.1,42.86K,0.66%,590,544.59,556.38,560.04,185.47K
3/22/18,-4.41%,0.69093,0.62082,0.68,0.65,5.17M,-2.18%,9088,8453.1,8888.6,8706.44,54.42K,-3.72%,577.27,515.36,559.22,539.19,181.65K
3/23/18,-1.38%,0.654,0.61231,0.65,0.641,3.77M,2.32%,8910,8272.8,8703.8,8908,44.91K,0.76%,543.66,505.72,539.2,543.28,193.13K
3/24/18,-2.14%,0.67871,0.6273,0.641,0.6273,3.45M,-4.19%,9040.2,8463,8911.4,8535,44.21K,-4.51%,545.24,518,543.86,518.8,108.76K
3/25/18,0.90%,0.654,0.6167,0.62737,0.63292,2.77M,-1.05%,8673.9,8373,8525,8445.1,30.69K,0.70%,535.65,513.06,519.05,522.41,81.71K
3/26/18,-7.10%,0.6382,0.57438,0.63292,0.588,6.91M,-3.86%,8496.4,7839.09,8445,8119.1,56.38K,-7.16%,525.37,466.9,522.41,485,224.43K
3/27/18,-3.31%,0.6025,0.557,0.588,0.56851,4.55M,-4.12%,8209,7727,8128,7784.5,50.41K,-7.66%,491.35,446.1,485.2,447.85,310.88K
3/28/18,0.43%,0.588,0.56411,0.56851,0.57098,2.56M,1.95%,8118,7725,7784.5,7936.1,35.08K,-0.55%,465.52,439.99,448.19,445.37,165.08K
3/29/18,-11.84%,0.57491,0.49545,0.57098,0.50335,7.60M,-10.61%,7963.9,6897.2,7936,7094,77.41K,-13.75%,448,379.6,445.37,384.11,470.08K
3/30/18,-0.23%,0.52512,0.47006,0.50335,0.50218,8.97M,-3.57%,7267.3,6533,7091.5,6840.4,108.25K,2.34%,411.12,364.66,384.1,393.09,501.96K
3/31/18,-1.03%,0.52133,0.4927,0.50218,0.497,4.63M,1.24%,7221.9,6782.9,6838.1,6925.3,68.02K,-0.03%,418.5,389,393.08,392.97,273.24K
4/1/18,-4.23%,0.50756,0.4546,0.497,0.476,5.63M,-1.66%,7035.1,6432.4,6925.4,6810,54.90K,-3.64%,398.84,358.01,393.37,378.67,325.75K
4/2/18,3.76%,0.50389,0.471,0.476,0.4939,3.46M,3.56%,7121.4,6770.2,6813.1,7052.7,44.01K,1.80%,393.99,375.26,378.68,385.5,196.17K
4/3/18,10.75%,0.5527,0.49192,0.4939,0.547,6.85M,5.00%,7509.6,7020,7073.8,7405.6,49.86K,7.76%,417.88,379.83,386.16,415.43,223.28K
4/4/18,-10.78%,0.5523,0.48505,0.547,0.48801,6.77M,-8.37%,7422,6670,7403.3,6785.9,53.72K,-9.01%,416.54,369.82,415.41,377.99,256.60K
4/5/18,0.64%,0.49646,0.47417,0.48801,0.49113,2.22M,-0.31%,6911,6571.9,6785.8,6765,45.85K,0.79%,387.1,366.12,378,380.98,182.50K
4/6/18,-3.58%,0.49425,0.4577,0.49113,0.47358,2.62M,-2.29%,6851.5,6501.1,6767.2,6610.2,42.14K,-2.95%,385.44,363.03,380.99,369.73,151.02K
4/7/18,2.43%,0.49604,0.46947,0.47358,0.4851,2.86M,4.27%,7075.4,6599.9,6610,6892.6,40.61K,3.90%,394.59,368.85,369.74,384.16,143.72K
4/8/18,2.66%,0.5009,0.48357,0.4851,0.498,1.46M,1.90%,7114.8,6883,6892.62,7023.9,29.33K,4.21%,404.07,384.16,384.16,400.34,134.99K
4/9/18,-2.85%,0.51145,0.4751,0.498,0.48382,4.61M,-3.69%,7187.4,6611,7024,6764.6,75.96K,-0.39%,430.73,387.31,400.33,398.79,329.86K
4/10/18,1.38%,0.49857,0.4775,0.48382,0.49048,2.35M,1.10%,6890.6,6650,6770.9,6839.3,26.15K,4.09%,417.9,391,398.84,415.12,146.65K